,Id,Author,score,Ncomnents,title,text
178hubh,178hubh,AlloyComics,2,2,Only because he asked...,
178hmax,178hmax,Fleegle1834,16,5,The Bandit and Snowman better keep the hammer down,
178h1pu,178h1pu,Casual_Deviant,77,4,The only girl in the world [OC],
178h101,178h101,luvs_animals,14,3,Where did all the sound go?,
178gy10,178gy10,MrStassi,275,17,Eclipse from Brazil,
178glqf,178glqf,Arandomcaleb,7,13,I've always been wondering if I have a sinus...,
178gjlj,178gjlj,shizzblatt,56,4,Bare wolf...,
178g4v4,178g4v4,otterlyhuman,6,2,Butterfly [OC],
178fr4b,178fr4b,MulciberTenebras,36,9,Never Bring a Sword to a Fist Fight,
178flis,178flis,CptSlimShady,78,12,Second round.,
178fheb,178fheb,snelse_,39,4,[OC] Cloud gazing,
178f7gt,178f7gt,ADHDinos_,92,3,Dopamine drought,
178f4cy,178f4cy,Menacingamaranth,0,8,BRRRR,
178eybs,178eybs,BrianWonderful,132,3,We're Better Together [OC],
178egub,178egub,MrWeiner,678,13,Anxious,
178edqi,178edqi,valdev,131,13,How company names are created on Amazon,
178e17c,178e17c,Mr_Eck,3852,86,Nevermind.,
178cmoy,178cmoy,cj_cusack,44,3,The Webcomic Formula,
178ch04,178ch04,Conscious_Work7401,1358,115,I think he's in a hurry. ,
178bemv,178bemv,daveclampart,0,2,Got That Martian Drip,
1786mlp,1786mlp,Potential_Lettuce,0,0,Don‚Äôt mind if I do!!!,
178acvv,178acvv,Scary_Ad_405,3,1,Hmmm....,
178a3gl,178a3gl,deadfermata,29,1,homebody,
1788up5,1788up5,cleevethagreat,0,8,I'm Just Pete - SNL,
1787mqp,1787mqp,Kraig_Kilborne,501,75,At the dispensary drive thru,
1786mxf,1786mxf,Matt2382,7,2,New part for your Chevy Uplander,
1785e0z,1785e0z,Prixilu,233,115,Found an odd looking tomato,
178570i,178570i,BareFootWilliams,232,25,guess i'll head norht ...,
1784whx,1784whx,Firsthalthor,72,8,Derpachu,
178481z,178481z,protocol1008,187,31,A rice snack my Dad brought home from the province.,
1783yg1,1783yg1,Zoosee12,142,21,People Hate Mt Ross,
1783vsi,1783vsi,spudseyes,23,16,"In case of fire, wrap self tightly, don't worry about your head.",
1783rwr,1783rwr,Just_Ad_3403,189,21,so I have to have baggy pants?,
1783p05,1783p05,cultureShocked5,39,2,The audacity of the squirrel sunbathing right in front of my cat and the helplessness in the eyes of the cat‚Ä¶,
1782zg7,1782zg7,Atlusfox,3310,321,This game never fails.,
177y9y1,177y9y1,spickedan,0,0,Batman Solves Florida's Invasive Species Problem,[https://www.youtube.com/watch?v=QhxqhTCq8ys](https://www.youtube.com/watch?v=QhxqhTCq8ys)
177zpl2,177zpl2,talhazelden,0,4,The new Four Happiness on the UberEats menu,
178114j,178114j,jigglemypuffss,457,12,Just stares back at you,
17817in,17817in,vosha0,2882,69,Andy Richter on Wheel of Fortune.,
17816py,17816py,josiemarcellino,2070,150,I finally got crunchatized,
17815j4,17815j4,SacNerd,628,803,"If a logo could talk, what would this one say?",
177zv5c,177zv5c,DaveWrong,116,15,[oc] my newest cartoon.....a riff on the CGI rollercoaster they used to show before movies,
177zhib,177zhib,evgfreyman,861,32,In the local coffee shop,
177z2ts,177z2ts,ALongCoolLemon,54,11,An Oppenheimer animated parody.,
177yb8w,177yb8w,torklugnutz,4300,110,Found a mousepad compatible with a charging Apple mouse.,
177xjsu,177xjsu,smulikHakipod,2040,184,I asked my husband to make a cake,
177wpv8,177wpv8,Boring_Communication,61,25,"Since we are doing logos, there‚Äôs this flag at a community college.",
177ww12,177ww12,Cyrus-114,1996,60,I heard we're doing questionable logos? I give you: A-Style,
177wcka,177wcka,Wolf-Track,5361,101,"Family asked how my trip to Iowa was, so I sent them this.",
177w446,177w446,fingerlickinggood,5956,134,So my kid is asking me what are they doing?,
177vxzc,177vxzc,3pga,155,37,Should I buy this cereal? (Comes with Free Turtle),
177vxwm,177vxwm,PhilPipedown,49,7,A sign of things to come,
177vnl3,177vnl3,Jordan_the_Hobo,17,7,Liam Neeson buys some Trix,
177uxcn,177uxcn,chickenfoot4less,15,2,"Yes, they are horrible.",
177uj6o,177uj6o,chfp,91,15,No pigwins!,
177u9sh,177u9sh,Revolutionary_War443,9836,417,No one said anything,
177u8bw,177u8bw,Revolutionary_War443,4381,139,Someone had to approve it,
177u6am,177u6am,swagharris31,66,10,A bit too on the nose for breast cancer awareness month,
177u05b,177u05b,omarte,0,1,"Waking up the owner, barf is the cat's preferred method {funny video}",
177s54m,177s54m,rumpledforeskin23,426,29,This guy kills it at karaoke,
177s62p,177s62p,Conscious-Service-16,29381,966,Insurance company will love this video. ,
177qq6o,177qq6o,NeedAVeganDinner,235,85,"This Ad suggests intermittent fasting makes you a torus, and your torus-hole changes size and location as you get older.",
177phpz,177phpz,rrsafety,750,78,"Taylor Swift, Exorcist.",
177pell,177pell,,0,3,Graduating student gets up from wheelchair to Gangnam style ,
177odr9,177odr9,mpaug,48,2,The battle continues as cat #2 has learned not to share.,
177ocnh,177ocnh,kraven420,1037,91,Need a EWOCLEM doormat?,
177nyfm,177nyfm,MulciberTenebras,2194,14,"Friday the 13th has ended, and now we're back to Saturday the 14th of October",
177h1x9,177h1x9,ActFriendly850,0,1,Give me the money...x post from r/MalayalamMovies,
177l86w,177l86w,moon_jock,139,32,Not a bad deal!,
177klby,177klby,journeyman369,193,22,Dramatic farting,
177k64a,177k64a,King0fthewasteland,509,284,this is a actual serious product..... i almost died laughing,
177jorb,177jorb,Top-Evidence-2807,12810,359,We have all experienced this at one time or another,
177jguq,177jguq,NauTWitcher,41158,481,How stupid are you,
177hqf6,177hqf6,johnreppenhagenjr,5,15,Lebron is lookin ruff on this bag of ruffles,
177h5om,177h5om,Tall_Coder1902,179,19,He he he,
177gtl2,177gtl2,Spaceisveryhard,1211,207,PCMag gets an incredible first photo of Toyotas battery and makes it their article thumbnail,
177ej6n,177ej6n,PsychologicalFix5059,2145,70,Hoomans eat poo poo,
177eckv,177eckv,DwangusKhan,130,100,Meth Shard ?,
177ddio,177ddio,antisocialdrunk,8160,107,Not the change they were looking for,
177d2up,177d2up,KookyCat2402,0,7,Bet this beast while walking my dogüòÇ,
17785wp,17785wp,PezDSpensr,1,2,Instructions for Trimming Your Belt,"Saw someone post about a belt a few hours ago, and it reminded me of my Amazon belt purchase a couple of months ago and the belt trimming insert that came with it. The directions start off pretty normal, but I think the psilocybin started kicking in while the instructions were being written.

https://preview.redd.it/5c3oyqfb71ub1.jpg?width=2103&format=pjpg&auto=webp&s=7b5803f09eab647dc3ca379b23088b4debfa2265"
1778np8,1778np8,gravy_train101,120,8,She's got my vote,
17793z8,17793z8,tattoo5852,51,12,Is Matthew McConaughey writing fortune cookies now‚Ä¶,
1779s0e,1779s0e,AssistantHeavy9368,33,8,The time I thought my dad had AIDS,"In the quirky 90s of my hometown, the government tried to navigate the AIDS epidemic with some rather cryptic PSA TV ads. The most unforgettable? A man's pimpled back caressed by nail-polished hands, hinting at intimacy. Being a curious kid, I pieced together a hilarious theory: Pimples on the back = AIDS.

Then one day, I saw my dad shirtless. Lo and behold, he had pimples on his back! My shocked yelp? ""Dad has AIDS!""

Parents had a tough time explaining that one.

**TL;DR:** Misinterpreted a 90s PSA, freaked out thinking my dad had AIDS because of some back pimples!"
177bem6,177bem6,Beautiful_Yellow_682,0,0,So the cast of victorious was a model in Germany,
177byix,177byix,Thephilosopherkmh,28,5,I went to a child psychologist yesterday,That kid didn‚Äôt know a damn thing about psychology!
177cf9f,177cf9f,LonerViking,0,8,he doesn't have insurance for this,
177bu3o,177bu3o,bjhuf,334,10,Thunderbirds added a Christmas act to their routine,
177bnix,177bnix,Bosuns_Punch,329,10,"""I can't serve you, Sir. It looks like you've had enough already.""",
177bla4,177bla4,MulciberTenebras,1166,38,"Friday, Friday... gotta get down on FRIDAY",
177ax2y,177ax2y,paulie07,51416,1702,My curious dog fell in to my uncle's grave at his funeral. ,
177aly1,177aly1,MarcNijmegen,214,11,MovieMashup: Top Gun + Hot Shots = Top Shots!,
177aby5,177aby5,Sherezad,9455,368,Not sure if they're in the Halloween spirit or if I should call the cops...,
177a6h3,177a6h3,bohmfalk,667,137,My son wants to know what gender this is.,
1779ooh,1779ooh,TAPPEDWAFFLES,151,39,It's not what it looks like...,
1779j6r,1779j6r,inveterata,0,5,"This poor bastard delivering a package didn't see my wife's flowers and took a trip, caught by security cam",
1779aa8,1779aa8,damscomp,323,25,Just a boy and his scythe,
1778ct4,1778ct4,dannybluey,4575,85,England football player James Maddison tries to drink from a water bottle,
17785f2,17785f2,Osurion,334,30,Finally I spotted a decent custom plate...,
177707b,177707b,krystlships,25181,292,This customers card,
1776edz,1776edz,Wadawaski,1727,321,Endless Sausage Rolling Magic,
1776755,1776755,crbvegas,3371,46,State Flag of Florida,
1775m8r,1775m8r,rodeler,260,25,"So, I‚Äôve reached this stage of life.",
1774vkf,1774vkf,FlockingSheep,216,28,Hide your milfs,
1773z62,1773z62,kmaffett1,737,37,That gave me a chuckle,
17733xm,17733xm,Meergo,0,12,"My friend sent this. Caption loosely translates to ""That's what she said last night""",
1772y0s,1772y0s,Ranier_Wolfnight,310,6,"Friday the 13th, in October",
1772svu,1772svu,Independent_Heart_15,9865,212,My new belt came with instructions‚Ä¶,
1772oyf,1772oyf,Xeelee1123,25236,1296,An Englishman in New York,
1772n6b,1772n6b,manwoodlover,4395,51,I love when my wife decorates,
1772444,1772444,pardis,5544,93,It's his divorce party,
1772329,1772329,PluckPubes,25,26,who pulls it off better?,
1770m8b,1770m8b,ThomasMellor,456,7,Straight guy butt stuff,
1770ob5,1770ob5,Saddleman,5,12,Check out my pups ears!,
1770i1e,1770i1e,LokiCreative,188,12,"Thirteen Friday the 13ths ago, on a night just like this one...",
176zyxg,176zyxg,tito_lee_76,0,4,"The way the word ""analytics"" gets abbreviated on these notification emails for a system I manage at work",
176zooy,176zooy,Dull-Status-1673,18,8,Nut & Go,
176zeio,176zeio,KirkGlobalWitness,28476,2186,Only three of us in the flat and we got this water bill...,
176z9uo,176z9uo,Special-Warthog-4984,282,209,WTFüòÇüòÇ,
176y5a9,176y5a9,frittenlord,219,37,Look what I found under my microscope,
176xigq,176xigq,ArmadilloDear8088,203,60,F_______cking good,
176w19t,176w19t,staima_nemanista,3082,121,Spider-doughnut with a sprinkle of arachnophobia,
176vrge,176vrge,SerRedox,0,5,This unlockable outfit reminded me of someone.,
176vq4y,176vq4y,thenewkelly,629,18,Greeting card I saw today,
176m7oy,176m7oy,TheFilthy13,0,12,First time ordering steak‚Ä¶,"Was at a family event, may have been grandparents wedding anniversary or something. I was sat at a table with similar aged (14 or so) grandkids and the waiter came around to take our order. Thought ‚Äúscrew it‚Ä¶I‚Äôm getting a steak!‚Äù

‚ÄúAnd how would you like that cooked Sir?‚Äù

‚ÄúI dunno‚Ä¶grill it or something?‚Äù"
176tdu3,176tdu3,hoser82,5,2,Bronze Orientation - Mitchell & Webb Look,
176qlwb,176qlwb,mybrainisfull,56,15,Not sure what my Airbnb is trying to tell me,
176py8p,176py8p,3eemo,23,5,An Ad To Block Ads (This is Funny To Me),
176pd33,176pd33,SourMagicBand,333,20,We made this skit to advertise our Halloween show,
176p8rn,176p8rn,Melodic_Oil_2486,1608,18,For your Halloween Monty Python and the Holy Grail Reenactment,
176ozs0,176ozs0,DCArchibald,3436,27,That's one way to knock down a wall,
176otl2,176otl2,Raz-M,1789,33,Dan Soder‚Äôs impression of Dave Chappelle,
176odbj,176odbj,gr8prajwalb,10523,180,Might as well do it then lol,
176o6fc,176o6fc,lifesnotperfect,19517,666,My girlfriend always laughs at how I serve her food VS. how I serve myself,
176o2xn,176o2xn,Party_Background3803,331,120,After buying some stuff for my cats these recommendations popped up?,
176mxr3,176mxr3,pancheel0g,3585,84,How a car collision accident is simulated in the Philippines.,
176mmhl,176mmhl,Prudent_Falafel_7265,12,9,Acting Masterclass with Michael Caine - The Peter Serafinowicz Show | Absolute Jokes,
176lq47,176lq47,SnodOfficial,263,61,She's got a point though,
176lq07,176lq07,HerpDerpenberg,1674,55,Put up a bi-fold door to the basement to contain the cats upstairs...,
176l7l2,176l7l2,MulciberTenebras,1350,86,Aliens should probably re-think any Earth invasion plans that start with the U.S.,
176l0yb,176l0yb,ImYourRealDesertRose,17,2,"With an eclipse coming up, I always remember this gem. (MADtv Home Movies)",
176l0ki,176l0ki,sherryleebee,1130,156,I keep seeing this licence plate in my city and whenever I do I can‚Äôt help but wonder is it a reference to their hometown or their lifestyle?,
176kvys,176kvys,KonradFelixCyprianus,633,9,I don't remember this part of adventure time. ,
176kjyu,176kjyu,too_old_4_this_crap,482,75,My new job as a camp counselor starts tomorrow! So excited. Wish me luck.,
176ipzg,176ipzg,CasiriDrinker,342,38,So I just noticed this dude eating a baby on my M&Ms wrapper.,
176gmbh,176gmbh,dirtydaversfg,211,58,Double penetration 4 us??? Does Dolly know about this?,
176ekud,176ekud,dottydot123456789,5349,363,True story. Buying condoms for the first time.,"Years ago I was a young teenager and in those days you had to go to the pharmacy to buy condoms.
I nervously went to the counter and said to the woman.  ""Can I buy some condoms?""
""What size son?""
""I don't know, I have never measured it!""
"" No I mean pack of 2, 6 or 12!""
Ahhhƒ•hhh! Still cringe about this years later!!"
176fovh,176fovh,technodeviant,0,26,Saw a pair of nuts in the bathroom at work today,
176f8p2,176f8p2,westondeboer,46296,361,this is how hitman levels are laid out,
176f3al,176f3al,Blastwing,3581,33,Underwear theft,
176f102,176f102,Urtopian,170,19,1935 Mickey doesn‚Äôt mince his words,
176dfsy,176dfsy,gunstarheroesblue,8736,495,Two women fighting,
176c0ep,176c0ep,Resident_Piccolo_866,0,20,I make a calendar for my wife every year with me and the dogs. I‚Äôm looking for funny cool ideas or themes.,Thanks!
176cmko,176cmko,TailstheTwoTailedFox,2354,80,The steak for patriots,
176c692,176c692,MarinersFan28,117,13,From deep inside the UPN Vault...,
176bzsn,176bzsn,HygorBohmHubner,1892,67,Cody Rhodes and Jey Uso slightly drunk at a post-PPV press conference,
176buj7,176buj7,Ask_About_BadGirls21,278,108,"Pretty sure my mom drew my pa as a butt with a hat and beard, but my girlfriend thinks it‚Äôs a nose to the left and beard underneath. What do you think? I‚Äôll ask her later",
176btl3,176btl3,penguinbiscotti,155,18,Made me giggle like a little kid,
176br0o,176br0o,OnePlaidPlatypus,0,11,Chic Fila Got Robbed,
176aw5y,176aw5y,UpdootDaSnootBoop,0,9,On The Go,
176askc,176askc,teetertottermcpotter,4783,354,My high school teachers costume for Breast Cancer awareness month.,
1769c9n,1769c9n,ritzanddazzle,5523,98,Kid has already had enough,
1769b9n,1769b9n,UltimaDeusUmbra,851,55,Thanks Bing,
1768eu8,1768eu8,Puzzled-Heart9699,491,57,Kid asks about Dick‚Äôs,My daughter wanted to know why this store had two signs. 
17682cs,17682cs,TheVampyresBride,949,368,My dog has been staring at me like this for the past 10 minutes.,
1767ysj,1767ysj,MactionG,777,27,hotel art,
1767vz1,1767vz1,SnakesOnaGrain,84,5,Early Bird Special,
17675hc,17675hc,stopquotingmovies,12061,223,Nope,
1765b2h,1765b2h,ThePetiteBaker,111,9,‚ÄúPaint me like one of you French girls.‚Äù -My dog,
1763s6d,1763s6d,KhelSkie,0,1,Kung Fu Fighting,
175yxyo,175yxyo,mr_blanket,27,5,Street Fighter II Church Edition,
175yr4m,175yr4m,djone1904,5374,22,Classic!,
175ydzu,175ydzu,170071,4383,311,To verify if you're a human or bot,
175wsh9,175wsh9,Master-Band-6903,12053,365,Angry guys having fun,
175wias,175wias,chrisishereladies,0,1,Concert,
175wedw,175wedw,Melodic_Oil_2486,5933,107,A Halloween Reminder to Parents,
175w3pm,175w3pm,Probablyasking4help,426,47,All of a sudden I‚Äôm in the market for a Guard Llama,
175vnl8,175vnl8,mpaug,2046,60,We bought two identical cat beds because one cat refused to share. It didn't help.,
175u3b2,175u3b2,IGdoods,277,97,well... what is it? üëÄ [oc],
175sm2w,175sm2w,Herwiththetwodogs,2161,32,"My Lab doesn‚Äôt wiggle just his tail when he‚Äôs excited, he‚Äôs a whole body wriggler! ",
175snic,175snic,Chupacockbrah,2333,53,Flexible,
175sng1,175sng1,RIPBenTramer,139,15,I‚Äôll take it!,
175s07b,175s07b,YaxK9,48,24,The results may surprise you! And give you foot cancer,
175rliu,175rliu,kennnnnnnny,21,7,"This shit cracks me up. Skinbone's version of ""A Thousand Miles"" by Vanessa Carlton.",
175r2r2,175r2r2,Casual_Deviant,0,24,Life is magical [OC],
175qzc0,175qzc0,BagonBoy100,41,4,Swedish Chef - Chicken in the Basket,
175ql0r,175ql0r,noodle_in_a_sleestak,0,17,The Ku God,
175q275,175q275,jtkatz,6,5,Jim Jefferies predicted the future!,
175pk1l,175pk1l,its_a_toni_thing,2388,167,Reminder: don‚Äôt leave a new roll of wallpaper in reach of your seven month old puppy.. his face says it all,
175pddv,175pddv,judahman8,0,1,DBZ Friday,
175ozhd,175ozhd,Azzura68,17077,540,Try to explain to mom how to fix the computer over the phone,
175ofet,175ofet,TheCarrot_v2,40,8,"Mmm, sounds delicious",
175ob1t,175ob1t,joueur_Uno,441,13,Wishbone forgotten episode,
175n9zb,175n9zb,Azthioth,63,5,"Peak Robot Chicken, Star Trek Prostate Check",
175n9fg,175n9fg,RealRock_n_Rolla,5513,33,What a entrance,
175n8ay,175n8ay,Davidboh26,0,3,Unexpected visitor,
175n1dq,175n1dq,Pleasant_Lie472,980,21,Cat Slam,
175mmcc,175mmcc,ATacticalBagel,8,5,"Found a Textbook 2017 Clickbait Thumbnail, but from Feb. 23, 1919",
175jx63,175jx63,misterboris1,922,22,These batting cages used to be a driving range. Instead of replacing the golf ball they just added stitches to it instead.,
175jv16,175jv16,toonhole,13836,183,The Industry,
175j1in,175j1in,PaulRamseyAF,0,5,Dog chow,
175illa,175illa,kunigunde77,443,10,Almost,
175gy9h,175gy9h,JBaker68,222,5,Changed,
175gfi3,175gfi3,chrisnaish,140,3,crisis kit,
175fw0q,175fw0q,krtzovski,3009,54,Every f...ing time!,
175f5qb,175f5qb,oldtim84,3728,406,While visiting my parents TIL there is a courtroom artists that thinks SBF‚Äôs girlfriend is a dead ringer for Sloth from the Goonies.,
175f4wy,175f4wy,Guru_Hylidae01,0,4,An obscure one!,
175f2ow,175f2ow,jonwritesmovies,22293,592,What I'd tell my younger self,
175eyzn,175eyzn,InkyRickshaw,714,21,Improv Syndrome,
175ev5t,175ev5t,Whoops_comics,8487,106,To fall asleep to a podcast [OC],
175e0k8,175e0k8,snelse_,1539,15,[OC] Careful on the underground,
175dtyp,175dtyp,BrianWonderful,53,4,Napflix [OC],
175dqn0,175dqn0,Mr_Eck,2298,113,Life lesson [OC],
175dfyx,175dfyx,luvs_animals,49,8,She tried a dating app,
175cf42,175cf42,MaxKevinComedy,0,2,Orgasm (SFW),
175d4j7,175d4j7,mylifemyrulesfuckyou,1706,133,That‚Äôs one hell of a storm track. /s,
175c59b,175c59b,bonuscontext,603,7,Autumn,
175bsa6,175bsa6,thumbles_comic,551,11,Anywhere is fine,
1754kjp,1754kjp,NathanTheKlutz,0,0,Saw these T-shirts for sale at Walmart yesterday.,
1759zjz,1759zjz,TurmaGW,64,16,If you want everyone in the room to have fun!,
17596ut,17596ut,Gazunta,41,2,Deep Thoughts,
17596ug,17596ug,illustrationsbysimon,182,5,You‚Äôll float a nice chip shot too,
175907o,175907o,DaveKellett,117,6,Neighborly! (oc),
1758cmh,1758cmh,bourneidentikit,186,6,My Attempt to be the Ultimate Wingman,
1756kjg,1756kjg,Popular_Emu1723,395,104,I swear they‚Äôre test tube cookies,
1754q2z,1754q2z,wayhighupcanada,574,65,Letting the new neighbours know early we‚Äôre Halloween people,
1754lcg,1754lcg,thewineburglar,141,16,Slung my backpack to the side to get my water bottle. Instantly worried my water might break.,
1753xy3,1753xy3,VegetableCliff,0,7,fanart,
1753ug6,1753ug6,getDense,10337,653,"If you've ever wondered how McAfee is still in business, meet my 92 year old Nana",
1753r1u,1753r1u,Minumus,0,1,Pitch for behind the scenes show made by unemployed TV workers,
17530lz,17530lz,Far-Philosophy-4375,321,9,The eye of Sunflouron,
174qlen,174qlen,RigatoniPasta,0,0,This might be the dumbest thing I‚Äôve laughed at in a while,
1751gg0,1751gg0,Ali3nat0r,791,24,Hans Moleman Productions Presents: Man Getting Hit by Football,
1751m9l,1751m9l,KennethPowersIII,8,5,An oldie but a goodie: Injured... Injured bad,
17510ie,17510ie,Affiliate49,1112,45,Monday at the gym: Pay attention to your surroundings,
1750plu,1750plu,DismalDude77,955,77,Unsure about these.,
1750lqc,1750lqc,SherlockBowlmes,180,12,Didn't know this was an ad until the end,
1750l6t,1750l6t,TheCarrot_v2,204,33,"It‚Äôs still frozen, but it used to be too",
174zj4d,174zj4d,GuruLuka,428,42,My neighbor likes to hit laps in our hallway so I decided to add some audio,
174zg4x,174zg4x,BlueJeansBreezy,7028,657,I wonder what they called him,
174zelq,174zelq,wawaboy,1484,242,I told her my name is Dick,
174z5pg,174z5pg,Buck_Thorn,166,15,Go for the tail of the potato.,
174y6f1,174y6f1,blaz1n912,81,36,Apparently Jesus only likes people to sit on the driver‚Äôs side of the vehicle.,
174y2il,174y2il,josiemarcellino,14361,807,My ex-roommate used to make fun of me for having stuffed animals as an adult. Who looks stupid now?,
174xjdc,174xjdc,Cichlidsaremyjam,125,11,The General Manager of this Realty group seems like a real hard ass.,
174x9to,174x9to,ucffool,39,6,My wife made a rhinoceros cake topper... then my child got to it,
174wk2v,174wk2v,themule0808,0,4,On target TE,
174utu0,174utu0,BlessDisMess,29533,430,This guy deserves a rise,
174uphv,174uphv,godzilla98,12095,496,Hell 2 Da Naw,
174u4q6,174u4q6,HKN47,335,73,"Cum Park Plaza, home of 1st Taste Chinese Restaurant",
174u4ij,174u4ij,-eumaeus-,140,27,I think I'll pass,
174u02r,174u02r,-eumaeus-,607,32,"To Judas, Love Jesus and fam.",
174twxg,174twxg,-eumaeus-,435,21,They didn't think this through.,
174sv2l,174sv2l,Your_Dick_,438,55,We have reached the peak of creative brand names,
174sojf,174sojf,bmwrider2,0,8,Teenager breaks world record for solving Rubik's Cube while skydiving,
174slyi,174slyi,CalvinDehaze,0,1,Post-Game Interview Gone Wild,
174rwa4,174rwa4,perfect_square,66,19,This Halloween display is kind of..,
174rlsv,174rlsv,richardgaff,985,51,Calm down Microsoft,
174qvid,174qvid,Jack_Erdmann,1439,26,Found in my Biology Textbook,
174qu1d,174qu1d,matts41,146,23,Let's go to the sewer,
174oa3n,174oa3n,TheRealOcsiban,892,296,This truck has everything,
174nk9x,174nk9x,stattish,1056,191,Where should I put my poop then?,
174nhwq,174nhwq,PoppySar,4,1,Who would've thought?,
174n6f4,174n6f4,xames3,1598,13,Better kill next time‚Ä¶ oh wait‚Ä¶ nevermind,
174mvj5,174mvj5,Q8DD33C7J8,367,62,I bet you've never met him so why does he think he's in a relationship with you?,
174kjh5,174kjh5,Meepmeepbeepbeep666,9561,198,Spider-Man gets rejected,
174g729,174g729,IllBig271,1106,115,Dinosaur urine?,
174dswl,174dswl,fabulousperson238,4675,188,Help is available for those who are so concerned about mundane things like toilet paper apparently,
174degg,174degg,fuqdisshite,0,5,"No. I don't need it, and, i don't want it. (NFL short)",
174d67x,174d67x,a_mollusk_creature,0,1,Ameteur YouTuber solves music: Part 2,
174c7zz,174c7zz,SpaceshipSpooge,0,8,"""These things live on in infamy, Hoda.""",
174b02n,174b02n,Sidthegoat0612,5682,126,Escalator not escalating,
1749tf3,1749tf3,Sturdy_Dude,224,20,Seahorse Cheeto,
1749nav,1749nav,shoff58,445,17,My instincts tell me it might be a bad year for bird flu!,
17490my,17490my,pee_shudder,0,11,Told my dog is was 69 degrees outside and we should go for a walk,
1748o50,1748o50,figboot11,657,66,Picture in my hotel room...the internet has ruined me.,
1747h7s,1747h7s,KH5-92,1238,129,I guess I gotta go buy a pack of cigarettes.,
1744azc,1744azc,chadpinkerton21,0,1,"its been a minute, but i was reminded of this gem. HANKS HANKS HANKS",[https://www.youtube.com/watch?v=JFRohrsZZO0&ab\_channel=BUCKWHEATGROATS](https://www.youtube.com/watch?v=JFRohrsZZO0&ab_channel=BUCKWHEATGROATS)
1746dvq,1746dvq,Snoo-35252,0,22,Welcome to our dental office. Have some hard candy.,
1745hf8,1745hf8,Scott_A_R,72,8,Don't eat the Venus flytraps,
1742q5j,1742q5j,Chakins22,1,4,Top cheerleader,
173ztrs,173ztrs,Ainsley-Sorsby,3988,58,"After a long day at work, a Gorilla breaks character when he thinks humans are not watching anymore",
173zedo,173zedo,b_ub_u-1,6235,48,Poor cyclops got violated ,
173ysu1,173ysu1,himanshuk9,698,26,Anti ageing.,
173yhrm,173yhrm,matthewmch,21747,659,Shit and Run,
173y79o,173y79o,ThomasMellor,3230,44,Black Mermaids & Black Wallets,
173y563,173y563,Lucsdf,16590,242,Exercise vs thunderstorm,
173xzp4,173xzp4,aidenbig,71,94,Anyone what a new car?,
173wczv,173wczv,MikeRightHere,1701,32,Rain > Productivity ,
173w5j2,173w5j2,RealCTW,0,10,If Glazing Was Illegal,
173vttc,173vttc,scubaBiscuit,0,8,Guys I took the test and I got 100%!,
173vig2,173vig2,gamerguy287,301,40,Alright. Who skinned The Grinch?,
173vh91,173vh91,zeroquest,0,11,New Lays Chip Flavors,
173ukvz,173ukvz,snoodhead,5345,408,This ad makes no sense,
173u6d3,173u6d3,cperry43,0,8,Conspiracy?,
173rec3,173rec3,Natural_Health555,77,40,The WEIRDEST thing happened to me with a cat last night.,"Just for a bit of backstory I was walking down the street towards my ground-floor flat the other day and I came across a little cat who looks just like my family cat 200 miles away from where I live. It definitely belongs to someone as it had a little bell on its collar and it wasn‚Äôt afraid of me. It didn‚Äôt say hello as it was just exploring it‚Äôs area so I let it be after trying to say hi. 

Now HERE is where it gets weird:

Last night, at about 3AM, I woke up to a jingle in my room, I thought I imagined it so went back to sleep. Next thing I know I hear it again, wake up and see the SAME cat standing IN my bedroom by the door. The little guy had let himself in through my open window and was just casually roaming around my bedroom like. He even jumped onto my bed, said hello, and head bumped my hand as I gave him sleepy scratches. I was half asleep and also very baffled as to why it decided my bedroom was a cool place to explore (especially as I have a blind that covers the window). I had to let him out so opened the blind and picked him up and plonked him outside the window. He didn‚Äôt protest once he was very docile‚Ä¶. I just stared at him outside my window thinking ‚Äúdid that just happen?‚Äù I wanna know why this cat decided ‚Äúyes this is a cool place to hang out, I think I am going to claim this bedroom‚Äù and the fact he looks exactly like my cat at home.

Weirdest experience of my life to date."
173sj7j,173sj7j,Byebyemeow,2599,63,I'm going to save so much money,
173se7y,173se7y,kingpinXd90,293,16,Crunchy!,
173s028,173s028,jjs3_1,9986,197,Tooth Fairy was drinking,
173qymj,173qymj,PrincessSalmSalm,0,1,Digging up George Washington...,
173q854,173q854,walls-of-jericho,3344,50,My SO started placing these stickers on random places. This one almost gave me a heart attack.,
173pjym,173pjym,HotFireBall,40347,556,Sean Lock,
173pbup,173pbup,rockylada97,0,18,What?!,
173ou1g,173ou1g,SADDEST-BOY-EVER,2257,35,No appointment needed,
173on9t,173on9t,what-isay123,11,86,Came right out of left field,
173k7gf,173k7gf,snacky99,128,23,My calendar is very conflicted.,
173jl59,173jl59,Diggajuu,187,25,Would you try the Female Shrimp?,
173jc82,173jc82,saadahye,73,10,[OC] Journalism,
173iu7r,173iu7r,Goboom225,120,22,Well then.. October special,
173hsvl,173hsvl,AdRevolutionary5298,581,36,The new season of Bake Off / GBBS has gotten pretty racy,
173haer,173haer,gryzloko,640,21,Date night ( OC),
173gvui,173gvui,wingalls13,0,1,Science humor,"Physicists: There is nothing smaller than a Planck length.

The X that closes an ad: Hold my beer."
173gs3c,173gs3c,narrischkeit,13,5,A lawyer's secret to drafting contacts: imagine wishing on a monkey's paw,
173g8xd,173g8xd,gamerdudeNYC,122,18,And here I thought I might have a problem!,
173g5q7,173g5q7,LeopoldAlcocks,0,4,My brother is very caring. Direct communication üëç,
173g25p,173g25p,jack25454,1051,58,F1 Driver brutality attacked by a dog,
1738sdk,1738sdk,bowzer087,65,8,This took all the treats we had!,
173eo1d,173eo1d,jtho78,0,10,"Outside of Portland, OR. The ellipsis at the end is the cherry on top.",
1738z55,1738z55,Tinduc,0,0,Here is a sign you see near a squat toilet in Asia. Chopsticks FTW.,"&#x200B;

https://preview.redd.it/cl5kau5tc1tb1.jpg?width=1193&format=pjpg&auto=webp&s=b31a6a666f38194a606ef4a2665514275c3259fb"
173b42j,173b42j,katjalyric,33,180,Southerisms...funniest ones,"What are the funniest ""southerisms"" you have heard? My pawpaw when he was mad use to say ""I will stomp a mudhole in his butt and walk it dry"" and granny would say ""well butter my butt and call me a biscuit"" when she was surprised."
173dbmf,173dbmf,Neonarmenian,0,201,Broke my ankle rollerskating. I'm getting tired of giving the same answer to every person who asks. What are some funny answers to tell people when they ask me how I broke my ankles?,For example: break dancing accident. Chupacabra attack. I need this to be fresh. I need this to be interesting.
173e1k3,173e1k3,dojacatmoooo,182,25,pigeon boards a red line train at alewife station,
173e0dp,173e0dp,Three_hrs_later,1675,92,She asked if we could go see Cats at the local theater... not what I was expecting.,
173d55j,173d55j,E21A1,3177,41,Sassy Charizard,
173ctsr,173ctsr,ItsMeKali,179,23,Nice name for a place,
173cjtx,173cjtx,JohnnyPolite,7946,90,A complete story,
173ceo8,173ceo8,josiemarcellino,24914,352,My mom was so touched when I asked to borrow her wedding dress. She thought I was getting wedding fever. What I was actually doing was much more stupid,
173c1ll,173c1ll,prospectpico_OG,14,2,Numerous gems; Argyle PD on its game.,
173b08v,173b08v,Uvalde-Cop,25877,474,How to mark your students' exam papers,
1739xfs,1739xfs,KnightsOfNews,93,5,Watching a weird version of the matrix,
1739oex,1739oex,AlfredJodokus,286,12,Death Flash,
1739lop,1739lop,zentient9,6314,682,Of course it's Florida.,
17388mz,17388mz,shizzblatt,695,8,fool moon...,
1737z15,1737z15,jhericurls,6064,157,Cat Nip,
1737j1j,1737j1j,ItzyagurlJazzy,0,7,the ultimate slam dunk,
173790g,173790g,explosivejoseph,27976,416,COP in the front row of a comedy show,
1736y4c,1736y4c,soyourlife,40,5,Technology Connects Us,
1736wi1,1736wi1,IGdoods,167,8,goodnight ‚ú® [oc],
1736ba9,1736ba9,2k-trap-7250,19918,256,Batman is everywhere,
1735ud0,1735ud0,ThomasWykes,150,9,Six swipes of Henry VIII,
17338eu,17338eu,PirateOfPenzance,20,8,Happy ending guaranteed,
1735iis,1735iis,SSCLIPPER,1375,265,Happy Thanksgiving!,
17353qk,17353qk,RealRock_n_Rolla,5836,53,Yawning domino effect,
1734uno,1734uno,timmy6169,167,54,You hungry?,
1733w6e,1733w6e,SnakesOnaGrain,221,13,Stencil of a boy painting a stencil,
1733w44,1733w44,ADHDinos_,613,3,Consequences,
1733150,1733150,adorasaurusrex,5320,53,Two businesses. Two different senses of humor.,
17330pa,17330pa,DwightKSchnute,5,8,Who does these Outlook write-ups for ESPN Fantasy?üòÇ,
1732us5,1732us5,Jaguars147,227,26,LiverKing out of context,
1731f1e,1731f1e,kingpinXd90,729,90,Buying a car in Toronto,
1731dnn,1731dnn,Whoops_comics,57,6,Blank canvas [OC],
1731csw,1731csw,schaudhery,147,24,I found the Krabby Patty secret formula,
17319yx,17319yx,bigaetka,8587,56,Dog is not amused,
173190x,173190x,pardis,1884,63,Aviation,
17318bb,17318bb,snelse_,4393,55,[OC] RIP,
17312pn,17312pn,treetyoselfcarol,9,2,Fastest man alive...,
1730g18,1730g18,gloppy-yogurt,112,10,[OC] M(o)BA degree,
17300uj,17300uj,funnymaxbanny,708,12,with a battery that lasts and lasts,
172z48l,172z48l,mywifelovesdisney,172,24,I think this hippo saw too much delight,
172ylzs,172ylzs,happy_monky,353,7,Seems counterintuitive,
172ykw7,172ykw7,Luther_Vandross_,264,21,Fortune Cookie running out of Ideas,
172yg6n,172yg6n,BrianWonderful,12,2,Wereplasty [OC],
172xrl4,172xrl4,Whoops_comics,8,2,Scary drawing [OC],
172wz4d,172wz4d,snelse_,4889,75,[OC] Context,
172usq1,172usq1,Saskjimbo,0,2,The pumpkin spice device,
172uh5w,172uh5w,daveclampart,773,118,Some dumb tattoo designs,
172tsgb,172tsgb,Mak9090,0,12,Camel attempting to attract a mate,
172t9n2,172t9n2,sausagebirdcomic,0,2,Virtually Real,
172t62q,172t62q,I_aim_to_sneeze,132,17,Subtitles are so accurate these days,
172t5f0,172t5f0,Worried_Click7426,12,10,My dogs at their finest,
172swlj,172swlj,baconlettuceAT,0,8,Should I ask? üòÇ,
172rsgy,172rsgy,2k-trap-7250,1944,40,We will never know...,
172r1kp,172r1kp,Thesaltydog91,360,31,New find in my apartment,
172qeh8,172qeh8,drink-beer-and-fight,263,29,Always wear your safety goggles,
172qbim,172qbim,gr00manji,672,148,Best thrift store find?? I'll one up that with this book,
172q7a5,172q7a5,IsThereCheese,3259,26,Does anyone have any sugarplums,
172ny6d,172ny6d,Commercial-Tip4494,10473,248,John Thick,
172miza,172miza,SANAFABICH,217,103,Wake up fart.,
172mf8p,172mf8p,whydyousaydat,2755,87,Bollywood dance without music ,
172mdp9,172mdp9,Acidflare1,139,15,Unicorn in the wild,
172m6ey,172m6ey,grantnel2002,24,8,This image is brought to you with no context for comedic effect.,
172lg1q,172lg1q,Dwights_Son,119,3,The cake for my dad‚Äôs 65th birthday.,
172l5zn,172l5zn,jakedeighan,215,15,"""I'm biting fart bubbles in the bath""",
172klkx,172klkx,Altruistic_Complex19,212,25,My cat is rather‚Ä¶ something else üòÇ,
172kh79,172kh79,strawberrycosmos1,61,6,Kroger had a sensational combo deal this week!,
172k6sn,172k6sn,hiphop_dudung,969,29,Those poor birds,
172k6n3,172k6n3,DickieJohnson,880,24,What's behind door number one,
172k2ud,172k2ud,Grumpy_Metrosexual,0,4,God Creates Leo Sayer,
172k1xu,172k1xu,SnuzieQ,4959,409,This cucumber I grew,
172jzvh,172jzvh,XraPolar,6797,271,‚ÄúThis picture was taken at my daughter‚Äôs preschool. I think the photographer thought having her hold a flower would make for a really cute and innocent picture.‚Äù (Cred: @awkwardfamilyphotos),
172jsnq,172jsnq,laughingshaman,0,2,Dog meets Serval but I add extremely fitting music,
172jrxi,172jrxi,Im_just_lampin,2959,26,Someone is getting into the Halloween spirit.,
172jcjj,172jcjj,Tac0Destroyer,20,3,"Step-duo, what are you doing??",
172ia92,172ia92,josiemarcellino,17550,545,RIP Twitter,
172ifwx,172ifwx,stevenrama,181,16,"Roses are red, better bring first aid‚Ä¶",
172fr2d,172fr2d,qaddosh,0,2,Economy is rough on everyone,
172g5pk,172g5pk,lissie_ar,9448,436,My 8yo is going to grandmas. I told him to dress nice and hurry up because he‚Äôs going to church with them. I didn‚Äôt see how he left the house‚Ä¶ My mom just sent me this pic.,
172f5vi,172f5vi,le_bruhman,37,3,"Do meth, kids.",
172f0qa,172f0qa,Stoneway933R,650,19,My painting at the exhibition.,
172e82n,172e82n,dos4g,2807,212,Quite possibly the greatest thrift store find ever,
172ctc2,172ctc2,what-isay123,3,4,SCTV The Battle Of the PBS Stars,
172a1gf,172a1gf,Jhameenniemi,5291,65,Top Gear Starfield Special,
1729x87,1729x87,exoticbutter5,391,18,Took a heavenly nap on my pal here & he was not having it,
1729k2i,1729k2i,Existing-Job-3050,408,61,"I always wanted to be a private investigator like Simon and Simon, or Knight Rider but since that never happened, on the weekends I go to estate sales and try and figure out how the people died.",
172979u,172979u,xptanko,0,11,good boy bubbaü§ó,
1728d5u,1728d5u,freshmozart,7,3,You had one job :D,
1727wla,1727wla,dacreativeguy,0,11,2 places where the sun doesn‚Äôt shine!,
17275xd,17275xd,ayman_elmaadawy,2969,43,I trusted you and you disappointed me ,
1726yq3,1726yq3,bewitchedbumblebee,627,56,It's fun to draw spiders on other people's toilet paper,
1726r5u,1726r5u,Michael_Dautorio,25,7,2spooky4me,
1726nfk,1726nfk,TemperatureTime4626,78,12,GOT THE FOOKIN CLOAKA-,
1726ec2,1726ec2,No_Cartoonist_3184,0,3,Sponge bob sing believer by imagine Dragons because why not Ôøº,
172671y,172671y,ImAFuckinLiar,18117,482,Respect the Back,
1724zzj,1724zzj,Conscious-Service-16,5096,86,First and last day of work,
1724j4m,1724j4m,MikeyD101,3829,380,Forest Gump and Jenny,
17235l0,17235l0,TheFriendlyManO,14,2,Still more space than the average AirBnB,
1722erq,1722erq,Southern-Beautiful-3,4,2,Insanity,"Whomever said that the definition of Insanity is doing the same thing and expecting different results, has never inserted a USB stick."
172213h,172213h,megasudds,0,2,My American impression,
171tt1t,171tt1t,PirateOfPenzance,0,1,YouTube being silly,
1721rbz,1721rbz,HolyTomato26,45459,472,It‚Äôs the simple things,
1721eua,1721eua,Fair-Acanthisitta872,69,51,Do you need this?,
171yihh,171yihh,dnr41418,2442,53,The Eyebrow belly Dancer is back ü§£ üíÉüèªinsta:jessika_khater,
171xk88,171xk88,Habslover,1709,179,Possibly the biggest fart ever recorded ,
171xc0y,171xc0y,RealRock_n_Rolla,12629,613,Saving money on the water bill,
171xbt7,171xbt7,chu_lau,393,4,Faithful Goat,
171xbbb,171xbbb,Impossible-Reach-347,1236,68,DEEEZ NUTZZZZ,
171x6n8,171x6n8,DreadFuriosa,251,11,Now that‚Äôs just mean ‚Ä¶,
171wi6g,171wi6g,KickMurderSquad,933,138,Apparently Bigfoot drives a bright yellow motorcycle with his name and his picture on it.,
171w0c9,171w0c9,ladykiller1020,1,9,This is way too loud,
171uhx6,171uhx6,username_is_elephant,507,33,Probably should have updated their previous article..,
171tvvf,171tvvf,scottosteen1554,249,16,She decided to give up,
171tmhf,171tmhf,Obmr-snrU,377,40,He can't see me if I close my eyes.,
171psdy,171psdy,uptwolait,0,11,"Amazing, some handicapped person road that thing all the way to Walmart",
171omcn,171omcn,AgelessBlakeFerguson,3038,67,I Booped a lizard,
171nkl2,171nkl2,NoahTheAttacker,13188,1391,Everyone needed at least 3 layers in the 2000s,
171nju0,171nju0,frozensand,73,3,Choices were made,
171ndcc,171ndcc,Illuminhead420,6987,159,Gay parking lot prank,
171lidt,171lidt,Silent_Assasin14,36242,333,The greatest betrayal ,
171lg8u,171lg8u,CaptainAddi,3034,109,Hey you!,
171lehd,171lehd,Academic-Ad2321,0,1,"""Spacecab Confessions"" w/ Chris Scopo & Zilla Fondas (VO)",
171l32a,171l32a,starkfr,458,11,Two face vs. Joker,
171khhs,171khhs,MyScrotesASaggin,753,61,This real product photo.,
171k5zh,171k5zh,Tree-Starr,875,303,"Everyone argues about over or under, but this is what I have to deal with.",
171k3a0,171k3a0,cmd_q,369,13,Meanwhile in fur town,
171jnx9,171jnx9,downinthednm,71,17,"Why are you geh, strikes again",
171jccd,171jccd,the_comatorium,420,33,Flier didn't have any contact info whatsoever. I think my dude just wanted to vibe out.,
171ip82,171ip82,theWildBore,1532,16,Found my new favorite neighbors today,
171iery,171iery,Chris4477,4313,695,Should I tell them?,
171gj78,171gj78,Ok_Artichoke_2804,25,0,Funny Story - Just Wanted to Share =),"this was when I was 5 years old, when i tell people this story it cracks them up. Thought I'll share with you all too.

(Me, my mom are in the elevator of our condo and a neighbor is in the elevator as well. We are coming back home from grocery shopping and I was holding a bag of broccoli- my fave veggie at the time)  
Neighbor: ""Do your like broccoli?""  
5yr old me: ""yes""  
Neighbor: ""What is your favorite food?""  
5yr old me: ""Vegetables""  
Neighbor: ""Are you a vegetarian?""  
5yr old me: ""No. I am Korean.""

&#x200B;"
171i9kp,171i9kp,Ainsley-Sorsby,1806,25,Big boy attempts to show off,
171i35s,171i35s,Choclate_pot,103,18,Stone cold.,
171h0hb,171h0hb,blinkanboxcar182,184,13,I do not trust this place‚Äôs desserts.,
171gt3j,171gt3j,Joseph-Kay,156,52,Storyboard artist Eddie Fitzgerald's audio commentary for Ren and Stimpy,
171godo,171godo,Sett_otp,475,11,"""Sorry guys for the late stream, someone psps'd me on the street today and i got catnapped""",
171g5ru,171g5ru,TimandBash,319,39,Feeding my Dragon üòç,
171fkij,171fkij,siva-pc,200,11,Thumbs Up,
171epy8,171epy8,ZEWeirdga,19233,681,It's Friday guys ,
171epwe,171epwe,christian8899,0,25,Lord forgive me for whats about to happen to this tomatoe,
171dmqu,171dmqu,Reignwizard,2439,36,Potion of Animal Speaking,
1718z2t,1718z2t,mediumclay,1094,41,A festive door decoration at our hospital's breast health center,
1718818,1718818,Veradun77,6071,155,My sister's job now provides AI summaries of her meetings. Celine is a dog.,
17182bp,17182bp,slappychoppy,197,49,Should I eat here?,
1715t26,1715t26,Critical_Stiban,128,11,Pulled up to my home to see my neighbor‚Äôs truck,
1714jmy,1714jmy,guytes,177,15,Drum dog,
17144cj,17144cj,valenong,7278,583,Testing out heels on THT,
17144a3,17144a3,gokc69,0,3,I can't believe this is still online,
1712lpi,1712lpi,pruthvi573,0,3,Atleast they tried to teach him,
1712a7i,1712a7i,JPizzlerr,468,161,In preschool we were asked to describe what brings us peace,
17126ho,17126ho,ayman_elmaadawy,12,3,"After trying for more than half an hour, I was only able to do it once ",
1711uwm,1711uwm,travelator,948,40,Cat tolerates my child,
1710shq,1710shq,CoochieIncinerator,22,5,Grown Ups IRL,"
My boyfriend and I were laughing about this situation today; It‚Äôs been a few months since this happened and I still can‚Äôt believe it actually did. I (f20) was at my boyfriend‚Äôs(m21) father‚Äôs funeral service. He and his sister were sat directly in front of their mom (divorced) and I. 

The funeral director announced that they were going to open the floor to any friends/family who wanted to share stories or kind words, and asked that they keep it under a few minutes so they could give everyone who wanted to share a chance. 

At one point, the mic got passed to a close friend, we will call him Mike. He started by sharing some nice stories, how close they were, how they met; it was very sweet. Once a few minutes had passed, already more than his share of time, the director started noticeably looking at his wrist and sort of gesturing that we would need to keep moving. Mike kept trucking on.

Another minute passed and Mike began another story about how bf‚Äôs father and him would sing karaoke together. The director stood up and looked at his nonexistent watch to speed him up. Again.

Everyone in the room could get a sense of where Mike was going, but nobody could truly believe it was going to happen. It was truly surreal.

Mike mentioned one instance where he and bf‚Äôs father had made a pact, that whoever was present at the other‚Äôs funeral would have to sing. Yes. He started singing. He started SINGING! 

The director gave an exasperated sigh, sat back on the bench, and there were hushed chuckles among the crowd.  My boyfriend started quietly laughing and his mom kicked his seat a few times. Mike sang for what felt like five minutes (probably closer to 3). The tension in the air was so thick, everyone trying to contain themselves. 

It was a scene straight out of a movie.

After he finished, the director took back the mic and they continued passing it around.

I‚Äôd like to add that bf‚Äôs father would have found this hilarious and so did bf and his sister. It was in no way disrespectful; Just an old friend keeping a promise ü§ù"
170yx4x,170yx4x,diamond,20,11,At the local gas station. This sign really confused me for a second.,
170zkon,170zkon,acharnis,14972,215,This guy looks like he's wearing a Taylor Swift t-shirt,
170znn5,170znn5,bearlounger,0,3,"No love for ""wait for it""","Mahumot\_Baphomet on ""wait for it""

https://reddit.com/link/170znn5/video/k1l1i18kkhsb1/player"
170zktx,170zktx,GenjiKing,18,13,Worker Banter. ,
170z3y7,170z3y7,Sinopech,182,199,Dracula 1931 What is this guy‚Äôs suit called?,
170yuv8,170yuv8,balanceiskey1,14,8,Been waiting a looong time for this one...,
170yb32,170yb32,Washpedantic,372,27,This poor farmer has been working himself to the bone.,
170wxlx,170wxlx,emeister26,4022,739,Number of Calories in my Kid‚Äôs pokemon snack,
170wtnq,170wtnq,SandandS0n,36,5,Goose yoga at the golf course? Sorry to interrupt,
170we3o,170we3o,rk1892,566,15,A difficult breakup,
170vzlh,170vzlh,Mattau93,3545,150,This map of the USA,
170vze8,170vze8,guitartoad,103,34,"The Louder the Monkey, the Smaller Its Balls, Study Finds",
170tu32,170tu32,cpeng03d,5,1,Those in a wheelchair have no chance against me,
170vjs5,170vjs5,ShaneTheGamer,25,7,BATMAN FIRES THE BATMAN | BAT-CANNED,
170vcuv,170vcuv,Randonazzcat,0,3,Came across this looking for cute dog apparel.,
170v2jj,170v2jj,SilentWalrus92,2447,420,"This dummy sat in my grandmother's living room throughout my whole childhood and it always terrified me. Now I have kids, time to pass on the trauma.",
170us4i,170us4i,josiemarcellino,2794,207,Doing a costume a day for the month of October. Today I‚Äôm Jimmy Neutron,
170tyht,170tyht,cquicky,768,43,How did Sweet tarts know what I want for my birthday?,
170thf1,170thf1,DevinBelow,21,7,"I saw this video on some clip show YEARS ago, and it still makes me laugh.",
170qfpi,170qfpi,CarlosDoesTheWorld,0,6,Failed Porn Star (Sketch),
170refo,170refo,theWelshTiger,15,1,"Bears, birds and kangaroos: Comedy Wildlife Photo Awards",
170opml,170opml,ArmandoLemons,0,1,Modern Problems Require Modern Solutions,
170pqe2,170pqe2,THEGREATMILENK0,68480,1495,Really threw him a curve ball,
170pl66,170pl66,guytes,1761,94,Ouch...,
170p9db,170p9db,holyfruits,2395,345,This looks like a fake show from 30 Rock,
170p80d,170p80d,_0_zeus_0_,938,34,The future winner of Eurovision,
170p673,170p673,sesto,17008,235,My wife bought me the perfect pen,
170p2fq,170p2fq,itszakiguess,527,7,Paws of the abyss,
170o5si,170o5si,Untrus4598,184,6,Birdman!!!,
170ksw5,170ksw5,levine2112,37,7,Steven Wright vs Mitch Hedberg,
170o3pf,170o3pf,ricekrispies4e,49,2,Did a new guided meditation today and caught the most glorious closed captioning typo,
170mjak,170mjak,nashodkebeshe,5900,152,Pain and suspension ,
170m3kr,170m3kr,LMminemagician,220,26,Laid back indeed,
170lt20,170lt20,Naaggo,689,44,Young Bobby,
170lpj2,170lpj2,Bo0ombaklak,12,8,The irony,
170lljq,170lljq,A_dudeist_Priest,2448,33,Weeeeeeeee...,
170lczu,170lczu,Chubby_Limes,173,53,Odd way to spell ‚ÄúVincent‚Äù on my lunch order,
170l6mz,170l6mz,FlaxenArt,0,1,Holy Bite Man!,
170kpy8,170kpy8,lilysuthern,3,4,Not sure Brave search did this correctly...,
170klek,170klek,break-the-LaW0000,275,7,Roll Call,
170i22x,170i22x,Crystalwolf,25753,1129,I made a mistake and bought the wrong gas lift for my chair,
170gi92,170gi92,Disastrous-Secret894,0,0,Question,"Why do Norwegian ships have barcodes???

So when the ship gets back to port, they can Scandinavian 

‚ò∫Ô∏è"
170hipv,170hipv,BlueJeansBreezy,681,31,He could hear into the future,
170hgle,170hgle,palmerry,51,27,Looks like Plan C was to litter,
170h2tq,170h2tq,ThisIsMyPassword100,23173,1018,There is not a single thought in this marmot‚Äôs brain,
170gvxl,170gvxl,termicrafter16,42,9,Cracked a fortune cookie but instead of a fortune got leaked new patch notes for life.,
170ep69,170ep69,ZookeepergameTop4030,5025,89,Something Japanese...,
170a0om,170a0om,ninman5,47,13,What a cute doggy,
170d3mm,170d3mm,bendich,0,1,One funny and enlightening case of delivery in Citymobil,"I periodically use delivery option in cab services. Either Yandex or Citymobil, there is no other in St. Petersburg, Russia. Yesterday I again needed to send a box from downtown to suburbs and I choose a courier in Citymobil (it was cheaper there). Specified the recipient's phone number, pressed a button, 5 minutes and the courier was founded.

The driver arrived, no ""hello"", silently shows the phone with the order, I look at the address - yes, everything is correct, I nod, I explain that the box is full of fragile objects, put on the back seat. I send a link from the app to the recipient, saying ""wait, it's on its way"".

The first alarm bell was when the delivery amount increased from 512 rubles ($17.78) to 781 rubles ($27.11). I think, it is clear, for the expectation tipped, ok, not fatal for me.

The second alarm bell was when the recipient of the delivery wrote that the parcel has not received, and the driver in his application put a mark that all delivered. That is, my parcel is probably still riding in his car.

I call Citymobil, they redirect me to support (it's useless to write in the app, they don't answer, only call), I explain the situation, I say that I'd like to return the parcel at least, they say ""yes, we'll connect with the driver"". And then the worst begins.

The driver picks up the phone and the first thing I hear is a strange cheerful voice says to me ""wait a minute, I need to set up something here"", in that specific voice of robot-callers, you know, you have also received such calls. Then the voice says ""I'm listening to you"", I tell my problem, ask to return the box, and by the answers of the voice from the phone I get a hunch that I'm talking to an application that recognizes my voice, translates it into text, and the person on the other side chooses, depending on what I said, the answer options like ""yes"", ""no"", ""clarify"", in short, people do not talk like that, Turing test failed completely.

I, realizing that the courier driver is deaf-mute, speak into the phone, trying to choose words so that my voice would be correctly recognized and translated into text, but his android app (I remembered that the courier's phone is not iphone) is so dumb that he probably has some nonsense on the screen.

I called Citymobil again, explained the situation, said that your driver was deaf and that there was no way to manage without you. They say to me, ""the company was a partner"", ""non-standard situation, we agree"", ""formally the courier delivered the parcel, we will not return the money"", ""we will deal with your parcel, wait for a decision"".

\- - - - -

It turned out that the deaf-mute driver on the spot could not overcome the barrier with voice communication with the concierge, stood for 30 minutes and went further. The package was returned to me. Dude is really deaf-mute. Smiled and parted."
170dtzq,170dtzq,PirateOfPenzance,558,46,Never seen a Wikipedia article that needed updating that badly,
170d66g,170d66g,neonroli47,24936,420,This is the peak of humour ,
170cg8m,170cg8m,NicolasLaurindo,5078,21,Greetings ,
170bg18,170bg18,Red_Rocket,239,41,How it should be,
170bfm6,170bfm6,twdg-shitposts,1016,15,He should buy a tripod!,
170bc6t,170bc6t,midsizenun,1010,138,Looks like creative product photography is not limited to burgers.,
1709asp,1709asp,NubbyNob,0,2,This is an official Kylie Jenner Simpsons cameo‚Ä¶,
1707sa6,1707sa6,2k-trap-7250,3191,84,Throw everything...except childrens,
1707ken,1707ken,sntstvn2,7,9,You Can‚Äôt Con a Con Artist If You‚Äôre Also a Con Artist - Key & Peele,
1706p7i,1706p7i,Raz-M,3744,121,Out of nowhere,
1705zvz,1705zvz,fisherman727,279,17,My sister sent me a picture of their cat. I made some art out of it.,
1705h9u,1705h9u,JBaker68,150,11,Daddy Long Legs,
17053i2,17053i2,BunnyTheCow,3852,197,I especially like the one with an extended mag.,
1703ms4,1703ms4,ohemgee0309,0,4,Hilarious,"I was out for a walk this morning and my local bar n grill had a sign on the sidewalk that read:
Soup of the Day
Whiskey with H2O croutons. 
I chuckled all the way home and made sure to tell my whole family. They thought it was pretty funny too."
1704a50,1704a50,ayman_elmaadawy,263,91,I think Mr. Michelin would love this baby The wonderful ,
17043ft,17043ft,DJVagrant,3232,144,"Daily Dose of Kung Fu - ""Who the hell has interrupted my Kung Fu?""",
17039kq,17039kq,Cheffie43,103,85,So‚Ä¶ what‚Äôs your names again?,
1702l2v,1702l2v,KW-DadJoker,20,5,My wife made me a pasta dish that looked suspiciously like rice...,...orzo it seems!
1702jfp,1702jfp,ToshiroBaloney,311,24,"In gridlocked traffic, this guy's bumper sticker has me a little worried.",
1702bdt,1702bdt,Tone_Ales,0,1,"Sholdja Boy, Sopranos",
1701cua,1701cua,TheBrosofFist,84,15,Huh?,
1700i1c,1700i1c,globallc,36,9,1970‚Äôs Guidance Counseling,
16zzszi,16zzszi,DoubleTurbulent,128,12,Chonks,
16zzhzf,16zzhzf,Lark_Iron_Cloud,126,12,GEICO intrusive advertising,
16zzh2r,16zzh2r,Gazunta,0,25,Upset,
16zzc7n,16zzc7n,thyhornman,554,158,"There are several questionable things about this, but I can't believe my son wrote the circled part",
16zyrig,16zyrig,toonhole,128,5,Carefree,
16zyii6,16zyii6,Daltonyte,990,238,How do you like them apples ?,
16zyi9v,16zyi9v,TheOsttle,510,36,They‚Äôre being very thorough with this EAS test‚Ä¶,
16zydxw,16zydxw,MazigaGoesToMarkarth,5081,79,this only got third place???,
16zy31i,16zy31i,philipjfry1578,1485,500,What kind of cockamaime treachery is this?,
16zy1tz,16zy1tz,IGdoods,373,21,vampire inquiries [oc],
16zxceg,16zxceg,RasheedAbdulWallace,116,14,Poor choice for an abbreviation,
16zuth3,16zuth3,Mustafaisdaname,1227,12,-Ehhem,
16zusbd,16zusbd,NBA_MSG,44,4,From the men's room at a local taco joint,
16zuict,16zuict,llaaccrr,14,5,Select all squares with moons,
16zu8zd,16zu8zd,Regalrefuse,506,45,World‚Äôs greatest punny store name,
16zth9y,16zth9y,ceebeefour,60,5,I've had my suspicions this place doesn't exist for awhile now...,
16zqfn3,16zqfn3,stealthySlenderMan,543,81,That must've hurt,
16zspid,16zspid,Goblobber,3972,195,"""My skirt isn't twirly enough!""","When I came into work this morning I found one of the reception children (four or five) in floods of tears at the entrance to the school.

When I asked her what was wrong she told me her skirt ""wasn't twirly enough"" and she was worried she didn't look beautiful today. 

So naturally myself, another teacher, the receptionist and the head teacher took a few minutes to appraise the ""twirliness"" of the dress and unanimously decided the dress was, indeed, twirly enough to pass our schools standards."
16zszak,16zszak,toonholeryan,11382,773,Side Hustle,
16zsgw1,16zsgw1,Filthyson,7951,171,Participation Trophies Are Good?,
16zsgzz,16zsgzz,rustycoins26,962,100,My fortune cookie told me to shut up,
16zsdvr,16zsdvr,HillBillyBobo,0,1,Coffetime in english,
16zsbqo,16zsbqo,nathanwpyle,19,5,1787,
16zs2vw,16zs2vw,Expensive-Two-8128,589,28,Bill Brasky is a sonofabitch,
16zrxnw,16zrxnw,protosynesis1,19,6,Ben Affleck Mocks Armageddon,
16zrk78,16zrk78,MrWeiner,62,2,Now,
16zqnws,16zqnws,Xcavor,2313,896,I'm at these people house. This is their toilet paper. Don't shake their hands.,
16zq7kg,16zq7kg,Figmentdreamer,45,6,From the known luxury shoe brand Fila.,
16zpqub,16zpqub,TheFreakingPrincess,7759,261,My husband's birthday is this week. My parents gifted him this,
16zo5ts,16zo5ts,Ishnuporah,15738,196,Penguins of Baldur's Gate 3,
16zo55w,16zo55w,MulciberTenebras,245,3,"A blooper reel from the making of ""SCREAM"" (1996)",
16zn4hy,16zn4hy,soyourlife,89,2,Spooky Ghost,
16zms1u,16zms1u,BrianWonderful,265,12,The Lemonade Business [OC],
16zmr8g,16zmr8g,Whoops_comics,39,2,Alonetime [OC],
16zmjz9,16zmjz9,luvs_animals,50,5,Medusa's younger sister,
16zlhi2,16zlhi2,ej4,1259,431,Tandem pooping?,
16zkve0,16zkve0,But_a_Jape,684,16,Oedipus and Freud,
16zkowf,16zkowf,thumbles_comic,216,12,Oh Deer...,
16zkiuf,16zkiuf,Kinglouieslab,0,2,ant story!,
16zk878,16zk878,Evil_Chaos_DX,24,4,Looks like Cruella de Vil was finally successful,
16zk6sd,16zk6sd,DexyBRD,167,10,Darn child labour laws!,
16zi61f,16zi61f,brutalproduct,49,8,Cheech and Chong's 1st meeting on video.,
16zhpkn,16zhpkn,Ashnakag3019,212,44,"Forget the electric guitar, embrace the electric cowbell (Source in the comments)",
16zcb6g,16zcb6g,No-Ferret-5752,4991,48,Officially Banned Ping Pong Technique,
16zg1vz,16zg1vz,8bitbystander,94,12,"Found this ""amazing"" deal at the shops...",
16zgw4n,16zgw4n,riisikas,0,1,Remote Accessing a TukTuk Driver,
16zgary,16zgary,Chris-1235,107,9,Why you need a tow truck the day you paint the lines,
16zcar1,16zcar1,Metalsheepapocalypse,153,7,These jokes write themselves,
16zc05k,16zc05k,supernaut_707,1098,243,Pirate or prostitute?,
16zbdyv,16zbdyv,Delicious_Mobile5122,373,58,This Amazon product photo,
16zaz9y,16zaz9y,elitebateagent,90,9,Don't summon spirits with me or my son ever again!,
16zarhk,16zarhk,spikyness27,17746,5595,What's protocol here. Tickle or grab aggressively and not let go?,
16z9gqh,16z9gqh,SinjiOnO,8405,258,High level Katakana English,
16z9bne,16z9bne,kenetha65,1415,335,Yeah. I tried that word.,
16z98ck,16z98ck,vex91,541,27,My banana was not happy about being cut up,
16z8vbe,16z8vbe,wkarraker,345,102,"Spell check, people, spell check",
16z8ahr,16z8ahr,tito_lee_76,190,12,Harry is ready for November,
16z8783,16z8783,GenjiKing,6404,48,Luckily the invisible door was closed.,
16z7kum,16z7kum,Weegie123,120,22,I never got this excited about a boat,
16z6yxc,16z6yxc,Any-Effective2565,71,5,We went straight.,
16z586k,16z586k,josiemarcellino,3101,186,Today‚Äôs costume made my dad laugh and the neighbor‚Äôs kid cry.,
16z4139,16z4139,Grizz1371,532,63,Caaaarrrrlll,
16z3o34,16z3o34,ittybittyclittyy,1707,50,My local vet‚Ä¶.I feel slighted,
16z3k6g,16z3k6g,JackieGlade,43,8,Funny little electric truck,
16z20uo,16z20uo,MoeMalik,301,16,u/PatrickBritish ‚Äòs adorable cat post in my style,
16z0djb,16z0djb,Tritreyatropz,340,6,Zen living up to his name,
16yzz7n,16yzz7n,DCArchibald,54415,657,Bringing out the big guns,
16yz72a,16yz72a,Seigmoraig,6224,227,There's a town in Canada named Dildo and they have a Hollywood style,
16yy5so,16yy5so,RealRock_n_Rolla,14104,279,He thought he was going to swim peacefully,
16yxpey,16yxpey,Altquark,0,3,Nazareth Love Examination,"Scottish Board of Education, Pheromone Sciences
Nazareth, Dunfermline, UK

To all examinees who wish to graduate from the School of Hard Knocks, this Multiple Choice Examination takes no longer than 4 minutes to complete.  A student may only take this examination once every Bad Rising Moon.  

The passing Grade is 75%.

Please answer this Multiple Choice examination by making a single selection from the following sections.  Please ensure the box is fully filled in using a Pencil or Graphite Drawing Device :

Question 1. Please select just one of the following options :

Love :

 üî≤ Hurts

 üî≤ Scars

 üî≤ Wounds

 üî≤ Marks any Heart

 üî≤ All of the above


Question 2. Please select just one of the following options :


Love is :

 üî≤ Like a cloud - Holds a lot of rain

 üî≤ Like a flame - It burns you when it's hot

 üî≤ Just a lie - Made to make you blue

 üî≤ All of the above



Question 3.  Please select just one of the following options : 


Some fools :

 üî≤ Think of happiness

 üî≤ Think of Blissfulness

 üî≤ Think of Togetherness

 üî≤ Fool themselves

 üî≤ They're not foolin' me

 üî≤ All of the above


Question 4. Please identify the TWO incorrect options :


Any heart :

 üî≤ Is Tough

 üî≤ Is Not Tough

 üî≤ Is Strong

 üî≤ Is Not Strong

 üî≤ Takes a lot of pain

This is the end of the mandatory examination.  The following are voluntary but do also count toward a passing grade if answered.


Please identify your age group:

üî≤ I'm young

üî≤ I‚Äôm old

üî≤ I prefer not to identify

Feel free to provide feedback regarding this Test :

üî≤ I know a thing or two about

üî≤ I learned from you

üî≤ I really learned a lot

üî≤ All of the above

Please leave the exam on the desk at the end of the examination and walk to the nearest bar."
16ywqot,16ywqot,Stt022,424,66,BE A STD,
16ywhf7,16ywhf7,MikeRightHere,12184,273,Broke Boyfriend ,
16yw8bc,16yw8bc,ValarMorcoolis,36,4,Street Performer,
16yvc20,16yvc20,English-Gent,2550,147,Crocodile sex frenzy triggered by Chinook helicopters,
16yuej0,16yuej0,DJVagrant,2450,182,Daily Dose of Kung Fu - Betty is the strongest,
16yu870,16yu870,pardis,2261,39,Principal married to Teacher,
16ytasf,16ytasf,Moosegods090909,0,17,Had me dying on the floor,
16ysf05,16ysf05,SonicAkshay_26,3954,45,"Cat- come on, It‚Äôs okay, No worry.",
16ys1uh,16ys1uh,Space51_,1934,40,Guys recreate Super Mario Bros tune while playing Ping Pong.,
16yqs4f,16yqs4f,NYstate,1217,29,Screaming in Public,
16yq4pp,16yq4pp,DONT_PM_ME_YOUR_PEE,346,15,ITAP of a flamingo having a long sip,
16yq0tm,16yq0tm,Temporary_Twist1942,4546,356,My last 2 braincells at night.,"
"
16ypx3m,16ypx3m,stevenrama,88,8,Duo needs to chill üò©,
16yox3g,16yox3g,stkst,87,13,Kramer?,
16yk9sg,16yk9sg,dogwatermoneybags,0,0,My Favorite Joke From Community,
16ykyx0,16ykyx0,Beegram2,0,4,Coming In Hot,
16yk18i,16yk18i,Commercial-Tip4494,17689,1010,Boobs,
16yjolt,16yjolt,srulers,234,6,"Ed, Edd n Eddy but its COPS",
16yjdmo,16yjdmo,gr3mL1n_blerd,324,31,Terrifying squirrel,
16yjclx,16yjclx,PatrickBritish,2172,125,Can you guess which one of us hates Halloween?,
16yh48a,16yh48a,trainspottedCSX7,74,42,It's the best way to wash spoons...,
16yfjr6,16yfjr6,gwc81,0,2,So potty training is going well,
16yf47n,16yf47n,Wonder0486,16,6,"Walked into daughters room and found this, adventures of Grogu, what will he get into next",
16ydtj7,16ydtj7,hella_cious,32,4,I think my magnet arrived,
16ydrul,16ydrul,Northeast4life,2111,152,Peyton manning explains a qb sneak,
16yd81r,16yd81r,WhoWouldCareToAsk,0,14,"Anesthesiologist promises patient will see heaven, and delivers","An acquaintance of mine often tell a story of how he once had a back surgery. The last seconds, before his anesthesia kicked in, were of an anesthesiologist, who after administering drugs, leaned close to his ear, and whispered: ‚Äúyou‚Äôll see heaven soon‚Äù and winked like some evil doctor (even though he was masked, one could tell he had a smirk on his face). The patient, understandably, got weirded out and scared, but then nurses rolled him onto his stomach and through an opening in the table he saw a taped letters on the floor that read ‚ÄúHEAVEN‚Äù. He tried to laugh, but couldn‚Äôt, and woke up in the recovery room a few hours later.

I hope it is true as it makes me feel a bit easier around doctors, who pulls pranks like that ))"
16yblco,16yblco,The_Leo_16,858,37,I cracked up,
16ya4oy,16ya4oy,Khanswati411,0,6,I was going to joke about sodium but ------,**Na**
16yb1cp,16yb1cp,Temporary_Twist1942,87,21,My Apple üçé watch pro Max + -,.
16yb0c8,16yb0c8,Thirdorb,12,6,Apparently my paint sample likes it dirty,
16ya4hb,16ya4hb,josiemarcellino,16722,1345,"Halloween month is here, and I‚Äôm officially too weird for my own tastes",
16y9sk6,16y9sk6,Long-Band-178,20,9,Man fined after dog spotted behind wheel of speeding Car,
16y9irv,16y9irv,SomebodyClipRen,0,2,"""dont write on the wall"" kids:",
